[
{
    "model": "auth.user",
    "fields": {
        "password": "pbkdf2_sha256$216000$KdmJ7bW8rxaB$tgyDRdry4cHcHr5k/SwKqv6Z5c3lCqlRpZQGvn0A+7I=",
        "last_login": "2021-02-27T08:54:18.750Z",
        "is_superuser": true,
        "username": "sagheer",
        "first_name": "",
        "last_name": "",
        "email": "abdulsagheeras29@gmail.com",
        "is_staff": true,
        "is_active": true,
        "date_joined": "2020-08-22T11:07:30.030Z",
        "groups": [],
        "user_permissions": []
    }
},
{
    "model": "auth.user",
    "fields": {
        "password": "pbkdf2_sha256$216000$P7PMWSc6HZ0u$fTTPyEmTVHs7lZ61Rtah86AsjI1DiMWbh/993gCm83w=",
        "last_login": "2020-08-24T12:59:56.661Z",
        "is_superuser": false,
        "username": "test",
        "first_name": "",
        "last_name": "",
        "email": "sagheersagheer9118@gmail.com",
        "is_staff": false,
        "is_active": true,
        "date_joined": "2020-08-24T12:59:55.627Z",
        "groups": [],
        "user_permissions": []
    }
},
{
    "model": "auth.user",
    "fields": {
        "password": "pbkdf2_sha256$216000$vlnk2pK1nlkC$MRiLVLZhH/N7eHvd3b95JI2eT9oDwa4Vr07DDJ7Z5UY=",
        "last_login": "2020-08-25T11:57:37.275Z",
        "is_superuser": false,
        "username": "Saqiboss",
        "first_name": "",
        "last_name": "",
        "email": "saqiba0484@gmail.com",
        "is_staff": false,
        "is_active": true,
        "date_joined": "2020-08-25T11:50:47.315Z",
        "groups": [],
        "user_permissions": []
    }
},
{
    "model": "sessions.session",
    "pk": "4aai42x763szcgwefmod5e0veh7gxs1l",
    "fields": {
        "session_data": ".eJxVjMsOwiAQRf-FtSEFZni4dO83kIGhUjU0Ke3K-O_apAvd3nPOfYlI21rj1ssSJxZnocTpd0uUH6XtgO_UbrPMc1uXKcldkQft8jpzeV4O9--gUq_fGtEPFAIHhJzAox0soSZwUNCp5EaHwQSG0RujQXt2xnG2KnnygYDE-wOz2TbV:1lFvMg:4EchPFZclf4pPv68hCKHYfjUnLT6U1MPkQtVfYHtvsc",
        "expire_date": "2021-03-13T08:54:18.880Z"
    }
},
{
    "model": "sessions.session",
    "pk": "5i7lc9wmyk3t189fr7ycr9xfhuqkktl1",
    "fields": {
        "session_data": ".eJxVjMsOwiAQRf-FtSEFZni4dO83kIGhUjU0Ke3K-O_apAvd3nPOfYlI21rj1ssSJxZnocTpd0uUH6XtgO_UbrPMc1uXKcldkQft8jpzeV4O9--gUq_fGtEPFAIHhJzAox0soSZwUNCp5EaHwQSG0RujQXt2xnG2KnnygYDE-wOz2TbV:1kT1xd:VUeXPjR-rh-p60JAOTscGLM7d9G39iPuVAnWrtQG24Y",
        "expire_date": "2020-10-29T12:02:21.339Z"
    }
},
{
    "model": "sessions.session",
    "pk": "alholk8yuf8mwjpwj0mwajvx2e4k7hhp",
    "fields": {
        "session_data": ".eJxVjMsOwiAQRf-FtSEFZni4dO83kIGhUjU0Ke3K-O_apAvd3nPOfYlI21rj1ssSJxZnocTpd0uUH6XtgO_UbrPMc1uXKcldkQft8jpzeV4O9--gUq_fGtEPFAIHhJzAox0soSZwUNCp5EaHwQSG0RujQXt2xnG2KnnygYDE-wOz2TbV:1k9RNc:Pfwrk6VY_JOSmSSGEkBU2HYc07fswH2VSCoo0Erpw24",
        "expire_date": "2020-09-05T11:08:12.325Z"
    }
},
{
    "model": "sessions.session",
    "pk": "e5rbkylw6m0ehjijizcpozec0f4gazz3",
    "fields": {
        "session_data": ".eJxVjckKwjAURf8laykZXqbu7I-El6E0WFJpUlDEf7eVLnR5p3NfxOHWJrfVtLocSU8Yufx6HsMtlSPAeT7sDkNYttK6b-eMa3fdVSotB2x5KcO5-kNNWKedI6WhaG20EoIHIxVVKDmChiQ183rU0gobYTRCcOAmaqFjUMwbNBYBD2hNte43Lj3ueX2SnnFqFaXvDwmeQ7g:1kETHo:KJfXuo42bZsGexSGZWTctyDSRpHjwdoI-_o5qCUrIbI",
        "expire_date": "2020-09-19T08:11:00.520Z"
    }
},
{
    "model": "sites.site",
    "fields": {
        "domain": "example.com",
        "name": "example.com"
    }
},
{
    "model": "account.emailaddress",
    "pk": 1,
    "fields": {
        "user": [
            "test"
        ],
        "email": "sagheersagheer9118@gmail.com",
        "verified": false,
        "primary": true
    }
},
{
    "model": "account.emailaddress",
    "pk": 2,
    "fields": {
        "user": [
            "Saqiboss"
        ],
        "email": "saqiba0484@gmail.com",
        "verified": false,
        "primary": true
    }
},
{
    "model": "profiles.profile",
    "pk": 1,
    "fields": {
        "user": [
            "sagheer"
        ],
        "bio": "im a web develepor,And im Passionate about it!!!",
        "profile_picture": "uploads/profile/img/fbc09cdc-eae9-4766-ac1e-832d32998e3d.png",
        "website": "www.tech-smash.com",
        "updated": "2020-09-09T12:45:10.387Z",
        "created": "2020-08-22T11:07:33.717Z"
    }
},
{
    "model": "profiles.profile",
    "pk": 2,
    "fields": {
        "user": [
            "test"
        ],
        "bio": "",
        "profile_picture": "uploads/profile/img/avatar.png",
        "website": "",
        "updated": "2020-08-24T12:59:56.010Z",
        "created": "2020-08-24T12:59:56.010Z"
    }
},
{
    "model": "profiles.profile",
    "pk": 3,
    "fields": {
        "user": [
            "Saqiboss"
        ],
        "bio": "Im a digital marketer,Trainer,Coach and founder and CEO of  my Agency",
        "profile_picture": "uploads/profile/img/7b28f371-3985-48da-a214-b2267ded82d5.jpg",
        "website": "www.saqibofficial.com",
        "updated": "2020-08-25T11:56:47.112Z",
        "created": "2020-08-25T11:50:48.288Z"
    }
},
{
    "model": "reports.report",
    "pk": 3,
    "fields": {
        "day": "2020-08-24",
        "start_hour": "4",
        "end_hour": "14",
        "user": [
            "sagheer"
        ],
        "product": 1,
        "plan": 100,
        "execution": 90,
        "production_line": 1,
        "updated": "2020-08-24T13:47:36.248Z",
        "created": "2020-08-24T13:47:36.248Z"
    }
},
{
    "model": "reports.report",
    "pk": 4,
    "fields": {
        "day": "2020-08-24",
        "start_hour": "11",
        "end_hour": "17",
        "user": [
            "sagheer"
        ],
        "product": 1,
        "plan": 200,
        "execution": 150,
        "production_line": 1,
        "updated": "2020-08-24T17:06:08.714Z",
        "created": "2020-08-24T17:06:08.714Z"
    }
},
{
    "model": "reports.report",
    "pk": 5,
    "fields": {
        "day": "2020-08-24",
        "start_hour": "10",
        "end_hour": "17",
        "user": [
            "sagheer"
        ],
        "product": 2,
        "plan": 1000,
        "execution": 900,
        "production_line": 1,
        "updated": "2020-08-24T17:06:39.234Z",
        "created": "2020-08-24T17:06:39.234Z"
    }
},
{
    "model": "reports.report",
    "pk": 6,
    "fields": {
        "day": "2020-08-25",
        "start_hour": "3",
        "end_hour": "16",
        "user": [
            "sagheer"
        ],
        "product": 1,
        "plan": 300,
        "execution": 270,
        "production_line": 1,
        "updated": "2020-08-25T11:38:54.566Z",
        "created": "2020-08-25T11:38:28.792Z"
    }
},
{
    "model": "reports.report",
    "pk": 7,
    "fields": {
        "day": "2020-08-25",
        "start_hour": "2",
        "end_hour": "12",
        "user": [
            "Saqiboss"
        ],
        "product": 1,
        "plan": 200,
        "execution": 200,
        "production_line": 2,
        "updated": "2020-08-25T11:58:51.080Z",
        "created": "2020-08-25T11:58:51.080Z"
    }
},
{
    "model": "reports.report",
    "pk": 8,
    "fields": {
        "day": "2020-09-09",
        "start_hour": "1",
        "end_hour": "16",
        "user": [
            "sagheer"
        ],
        "product": 1,
        "plan": 200,
        "execution": 199,
        "production_line": 1,
        "updated": "2020-09-09T12:46:30.425Z",
        "created": "2020-09-09T12:46:30.425Z"
    }
},
{
    "model": "reports.report",
    "pk": 9,
    "fields": {
        "day": "2020-09-09",
        "start_hour": "3",
        "end_hour": "12",
        "user": [
            "sagheer"
        ],
        "product": 1,
        "plan": 200,
        "execution": 150,
        "production_line": 1,
        "updated": "2020-09-09T12:48:19.814Z",
        "created": "2020-09-09T12:48:19.814Z"
    }
},
{
    "model": "reports.report",
    "pk": 11,
    "fields": {
        "day": "2020-10-15",
        "start_hour": "7",
        "end_hour": "16",
        "user": [
            "sagheer"
        ],
        "product": 1,
        "plan": 200,
        "execution": 100,
        "production_line": 1,
        "updated": "2020-10-15T12:04:53.177Z",
        "created": "2020-10-15T12:04:53.177Z"
    }
},
{
    "model": "reports.problemreported",
    "pk": 5,
    "fields": {
        "category": 2,
        "description": "fuck",
        "problem_id": "81A6GMICLO9D",
        "breakdown": 30,
        "public": true,
        "user": [
            "sagheer"
        ],
        "report": 5,
        "updated": "2020-08-24T17:07:01.381Z",
        "created": "2020-08-24T17:07:01.381Z"
    }
},
{
    "model": "reports.problemreported",
    "pk": 6,
    "fields": {
        "category": 2,
        "description": "fuck up mterial isnot good",
        "problem_id": "KEHUFZY2BCLQ",
        "breakdown": 20,
        "public": true,
        "user": [
            "sagheer"
        ],
        "report": 6,
        "updated": "2020-08-25T11:40:05.508Z",
        "created": "2020-08-25T11:40:05.508Z"
    }
},
{
    "model": "reports.problemreported",
    "pk": 8,
    "fields": {
        "category": 1,
        "description": "bad material",
        "problem_id": "AIOGV1R32F7U",
        "breakdown": 10,
        "public": false,
        "user": [
            "sagheer"
        ],
        "report": 11,
        "updated": "2020-10-15T12:05:17.009Z",
        "created": "2020-10-15T12:05:17.009Z"
    }
},
{
    "model": "products.product",
    "pk": 1,
    "fields": {
        "name": "Smart Phone",
        "description": "Ossm phone",
        "short_code": "s1",
        "updated": "2020-08-22T11:13:29.373Z",
        "created": "2020-08-22T11:13:29.373Z"
    }
},
{
    "model": "products.product",
    "pk": 2,
    "fields": {
        "name": "Laptop",
        "description": "Asus",
        "short_code": "L1",
        "updated": "2020-08-22T11:13:47.196Z",
        "created": "2020-08-22T11:13:47.196Z"
    }
},
{
    "model": "products.product",
    "pk": 3,
    "fields": {
        "name": "Tab",
        "description": "Make fun easy",
        "short_code": "T1",
        "updated": "2020-08-22T11:14:14.058Z",
        "created": "2020-08-22T11:14:14.058Z"
    }
},
{
    "model": "areas.productionline",
    "pk": 1,
    "fields": {
        "name": "Redmi",
        "team_leader": 1,
        "products": [
            1,
            2,
            3
        ]
    }
},
{
    "model": "areas.productionline",
    "pk": 2,
    "fields": {
        "name": "Apple",
        "team_leader": 3,
        "products": [
            1,
            2
        ]
    }
},
{
    "model": "category.category",
    "pk": 1,
    "fields": {
        "name": "Quality",
        "description": "quality issues",
        "updated": "2020-08-22T11:14:41.656Z",
        "created": "2020-08-22T11:14:41.656Z"
    }
},
{
    "model": "category.category",
    "pk": 2,
    "fields": {
        "name": "Material",
        "description": "problems related with the delivery of the material with the warehouse",
        "updated": "2020-08-22T11:15:29.266Z",
        "created": "2020-08-22T11:15:29.266Z"
    }
},
{
    "model": "category.category",
    "pk": 3,
    "fields": {
        "name": "Absence",
        "description": "Workers are not at works",
        "updated": "2020-08-22T11:15:54.106Z",
        "created": "2020-08-22T11:15:54.106Z"
    }
},
{
    "model": "posts.post",
    "pk": 2,
    "fields": {
        "author": 1,
        "updated": "2020-08-23T10:38:57.124Z",
        "created": "2020-08-23T10:38:57.124Z",
        "liked": []
    }
},
{
    "model": "posts.post",
    "pk": 9,
    "fields": {
        "author": 1,
        "updated": "2020-08-24T06:13:36.607Z",
        "created": "2020-08-24T06:13:36.607Z",
        "liked": []
    }
},
{
    "model": "posts.post",
    "pk": 13,
    "fields": {
        "author": 1,
        "updated": "2020-08-24T17:07:02.150Z",
        "created": "2020-08-24T17:07:02.150Z",
        "liked": []
    }
},
{
    "model": "posts.post",
    "pk": 14,
    "fields": {
        "author": 1,
        "updated": "2020-08-25T11:40:05.731Z",
        "created": "2020-08-25T11:40:05.731Z",
        "liked": []
    }
},
{
    "model": "posts.post",
    "pk": 15,
    "fields": {
        "author": 1,
        "updated": "2020-08-25T11:42:34.949Z",
        "created": "2020-08-25T11:42:34.949Z",
        "liked": []
    }
},
{
    "model": "posts.post",
    "pk": 17,
    "fields": {
        "author": 1,
        "updated": "2020-10-15T12:05:17.224Z",
        "created": "2020-10-15T12:05:17.224Z",
        "liked": []
    }
},
{
    "model": "posts.problempost",
    "pk": 13,
    "fields": {
        "post_ptr": 13,
        "report": 5,
        "problem_reported": 5
    }
},
{
    "model": "posts.problempost",
    "pk": 14,
    "fields": {
        "post_ptr": 14,
        "report": 6,
        "problem_reported": 6
    }
},
{
    "model": "posts.problempost",
    "pk": 17,
    "fields": {
        "post_ptr": 17,
        "report": 11,
        "problem_reported": 8
    }
},
{
    "model": "posts.generalpost",
    "pk": 2,
    "fields": {
        "post_ptr": 2,
        "title": "Titanic",
        "description": "who wanna see this movie with me??",
        "image": ""
    }
},
{
    "model": "posts.generalpost",
    "pk": 9,
    "fields": {
        "post_ptr": 9,
        "title": "test",
        "description": "khjhgcfxcggjhjl",
        "image": ""
    }
},
{
    "model": "posts.generalpost",
    "pk": 15,
    "fields": {
        "post_ptr": 15,
        "title": "Party",
        "description": "We had ossm sales",
        "image": ""
    }
},
{
    "model": "posts.like",
    "pk": 3,
    "fields": {
        "user": 1,
        "post": 9,
        "value": "Unlike",
        "updated": "2020-08-24T06:13:45.812Z",
        "created": "2020-08-24T06:13:41.619Z"
    }
},
{
    "model": "posts.like",
    "pk": 5,
    "fields": {
        "user": 1,
        "post": 15,
        "value": "Unlike",
        "updated": "2020-08-25T11:42:51.957Z",
        "created": "2020-08-25T11:42:46.413Z"
    }
},
{
    "model": "posts.comment",
    "pk": 2,
    "fields": {
        "user": 1,
        "post": 9,
        "body": "hii bby",
        "created": "2020-08-24T06:13:56.313Z"
    }
},
{
    "model": "posts.comment",
    "pk": 3,
    "fields": {
        "user": 1,
        "post": 15,
        "body": "hii",
        "created": "2020-08-25T11:45:19.308Z"
    }
},
{
    "model": "admin.logentry",
    "pk": 1,
    "fields": {
        "action_time": "2020-08-22T11:13:29.389Z",
        "user": [
            "sagheer"
        ],
        "content_type": [
            "products",
            "product"
        ],
        "object_id": "1",
        "object_repr": "Smart Phone",
        "action_flag": 1,
        "change_message": "[{\"added\": {}}]"
    }
},
{
    "model": "admin.logentry",
    "pk": 2,
    "fields": {
        "action_time": "2020-08-22T11:13:47.200Z",
        "user": [
            "sagheer"
        ],
        "content_type": [
            "products",
            "product"
        ],
        "object_id": "2",
        "object_repr": "Laptop",
        "action_flag": 1,
        "change_message": "[{\"added\": {}}]"
    }
},
{
    "model": "admin.logentry",
    "pk": 3,
    "fields": {
        "action_time": "2020-08-22T11:14:14.060Z",
        "user": [
            "sagheer"
        ],
        "content_type": [
            "products",
            "product"
        ],
        "object_id": "3",
        "object_repr": "Tab",
        "action_flag": 1,
        "change_message": "[{\"added\": {}}]"
    }
},
{
    "model": "admin.logentry",
    "pk": 4,
    "fields": {
        "action_time": "2020-08-22T11:14:41.659Z",
        "user": [
            "sagheer"
        ],
        "content_type": [
            "category",
            "category"
        ],
        "object_id": "1",
        "object_repr": "Quality",
        "action_flag": 1,
        "change_message": "[{\"added\": {}}]"
    }
},
{
    "model": "admin.logentry",
    "pk": 5,
    "fields": {
        "action_time": "2020-08-22T11:15:29.268Z",
        "user": [
            "sagheer"
        ],
        "content_type": [
            "category",
            "category"
        ],
        "object_id": "2",
        "object_repr": "Material",
        "action_flag": 1,
        "change_message": "[{\"added\": {}}]"
    }
},
{
    "model": "admin.logentry",
    "pk": 6,
    "fields": {
        "action_time": "2020-08-22T11:15:54.419Z",
        "user": [
            "sagheer"
        ],
        "content_type": [
            "category",
            "category"
        ],
        "object_id": "3",
        "object_repr": "Absence",
        "action_flag": 1,
        "change_message": "[{\"added\": {}}]"
    }
},
{
    "model": "admin.logentry",
    "pk": 7,
    "fields": {
        "action_time": "2020-08-22T11:16:40.494Z",
        "user": [
            "sagheer"
        ],
        "content_type": [
            "areas",
            "productionline"
        ],
        "object_id": "1",
        "object_repr": "Redmi",
        "action_flag": 1,
        "change_message": "[{\"added\": {}}]"
    }
},
{
    "model": "admin.logentry",
    "pk": 8,
    "fields": {
        "action_time": "2020-08-23T08:57:47.391Z",
        "user": [
            "sagheer"
        ],
        "content_type": [
            "posts",
            "problempost"
        ],
        "object_id": "1",
        "object_repr": "Components issue",
        "action_flag": 2,
        "change_message": "[{\"changed\": {\"fields\": [\"Liked\"]}}]"
    }
},
{
    "model": "admin.logentry",
    "pk": 9,
    "fields": {
        "action_time": "2020-08-23T08:58:21.681Z",
        "user": [
            "sagheer"
        ],
        "content_type": [
            "posts",
            "problempost"
        ],
        "object_id": "1",
        "object_repr": "Components issue",
        "action_flag": 2,
        "change_message": "[]"
    }
},
{
    "model": "admin.logentry",
    "pk": 10,
    "fields": {
        "action_time": "2020-08-23T09:21:08.496Z",
        "user": [
            "sagheer"
        ],
        "content_type": [
            "posts",
            "problempost"
        ],
        "object_id": "1",
        "object_repr": "Components issue",
        "action_flag": 2,
        "change_message": "[{\"changed\": {\"fields\": [\"Liked\"]}}]"
    }
},
{
    "model": "admin.logentry",
    "pk": 11,
    "fields": {
        "action_time": "2020-08-23T09:21:32.722Z",
        "user": [
            "sagheer"
        ],
        "content_type": [
            "posts",
            "problempost"
        ],
        "object_id": "1",
        "object_repr": "Components issue",
        "action_flag": 2,
        "change_message": "[{\"changed\": {\"fields\": [\"Liked\"]}}]"
    }
},
{
    "model": "admin.logentry",
    "pk": 12,
    "fields": {
        "action_time": "2020-08-23T09:34:20.981Z",
        "user": [
            "sagheer"
        ],
        "content_type": [
            "posts",
            "problempost"
        ],
        "object_id": "1",
        "object_repr": "Components issue",
        "action_flag": 2,
        "change_message": "[{\"changed\": {\"fields\": [\"Liked\"]}}]"
    }
},
{
    "model": "admin.logentry",
    "pk": 13,
    "fields": {
        "action_time": "2020-08-23T10:38:57.126Z",
        "user": [
            "sagheer"
        ],
        "content_type": [
            "posts",
            "generalpost"
        ],
        "object_id": "2",
        "object_repr": "Titanic",
        "action_flag": 1,
        "change_message": "[{\"added\": {}}]"
    }
},
{
    "model": "admin.logentry",
    "pk": 14,
    "fields": {
        "action_time": "2020-08-23T14:06:19.569Z",
        "user": [
            "sagheer"
        ],
        "content_type": [
            "posts",
            "generalpost"
        ],
        "object_id": "4",
        "object_repr": "test",
        "action_flag": 3,
        "change_message": ""
    }
},
{
    "model": "admin.logentry",
    "pk": 15,
    "fields": {
        "action_time": "2020-08-23T14:22:10.839Z",
        "user": [
            "sagheer"
        ],
        "content_type": [
            "posts",
            "generalpost"
        ],
        "object_id": "6",
        "object_repr": "hello",
        "action_flag": 3,
        "change_message": ""
    }
},
{
    "model": "admin.logentry",
    "pk": 16,
    "fields": {
        "action_time": "2020-08-23T14:22:11.008Z",
        "user": [
            "sagheer"
        ],
        "content_type": [
            "posts",
            "generalpost"
        ],
        "object_id": "5",
        "object_repr": "hhhhhhhhhhhhhh",
        "action_flag": 3,
        "change_message": ""
    }
},
{
    "model": "admin.logentry",
    "pk": 17,
    "fields": {
        "action_time": "2020-08-23T14:27:22.010Z",
        "user": [
            "sagheer"
        ],
        "content_type": [
            "posts",
            "generalpost"
        ],
        "object_id": "7",
        "object_repr": "hhhhhhhhhhhhhhhhhhh",
        "action_flag": 3,
        "change_message": ""
    }
},
{
    "model": "admin.logentry",
    "pk": 18,
    "fields": {
        "action_time": "2020-08-24T06:12:54.349Z",
        "user": [
            "sagheer"
        ],
        "content_type": [
            "profiles",
            "profile"
        ],
        "object_id": "1",
        "object_repr": "sagheer",
        "action_flag": 2,
        "change_message": "[{\"changed\": {\"fields\": [\"Bio\", \"Profile picture\", \"Website\"]}}]"
    }
},
{
    "model": "admin.logentry",
    "pk": 19,
    "fields": {
        "action_time": "2020-08-24T13:48:42.560Z",
        "user": [
            "sagheer"
        ],
        "content_type": [
            "reports",
            "problemreported"
        ],
        "object_id": "4",
        "object_repr": "Material-jkbhvnv",
        "action_flag": 3,
        "change_message": ""
    }
},
{
    "model": "admin.logentry",
    "pk": 20,
    "fields": {
        "action_time": "2020-08-24T13:48:42.669Z",
        "user": [
            "sagheer"
        ],
        "content_type": [
            "reports",
            "problemreported"
        ],
        "object_id": "3",
        "object_repr": "Quality-jbhbvc",
        "action_flag": 3,
        "change_message": ""
    }
},
{
    "model": "admin.logentry",
    "pk": 21,
    "fields": {
        "action_time": "2020-08-24T13:48:42.787Z",
        "user": [
            "sagheer"
        ],
        "content_type": [
            "reports",
            "problemreported"
        ],
        "object_id": "2",
        "object_repr": "Quality-teri maki chut",
        "action_flag": 3,
        "change_message": ""
    }
},
{
    "model": "admin.logentry",
    "pk": 22,
    "fields": {
        "action_time": "2020-08-25T11:53:34.759Z",
        "user": [
            "sagheer"
        ],
        "content_type": [
            "areas",
            "productionline"
        ],
        "object_id": "2",
        "object_repr": "Apple",
        "action_flag": 1,
        "change_message": "[{\"added\": {}}]"
    }
},
{
    "model": "admin.logentry",
    "pk": 23,
    "fields": {
        "action_time": "2020-08-25T11:56:47.120Z",
        "user": [
            "sagheer"
        ],
        "content_type": [
            "profiles",
            "profile"
        ],
        "object_id": "3",
        "object_repr": "Saqiboss",
        "action_flag": 2,
        "change_message": "[{\"changed\": {\"fields\": [\"Bio\", \"Profile picture\", \"Website\"]}}]"
    }
},
{
    "model": "admin.logentry",
    "pk": 24,
    "fields": {
        "action_time": "2020-09-09T12:45:10.436Z",
        "user": [
            "sagheer"
        ],
        "content_type": [
            "profiles",
            "profile"
        ],
        "object_id": "1",
        "object_repr": "sagheer",
        "action_flag": 2,
        "change_message": "[{\"changed\": {\"fields\": [\"Profile picture\"]}}]"
    }
}
]
